INSERT INTO titlelevels VALUES (1, 500);
INSERT INTO titlelevels VALUES (2, 1000);
INSERT INTO titlelevels VALUES (3, 1500);
INSERT INTO titlelevels VALUES (4, 1600);
INSERT INTO titlelevels VALUES (5, 1700);
INSERT INTO titlelevels VALUES (6, 1800);
INSERT INTO titlelevels VALUES (7, 1900);
INSERT INTO titlelevels VALUES (8, 2000);
INSERT INTO titlelevels VALUES (9, 2100);
INSERT INTO titlelevels VALUES (10, 2200);
INSERT INTO titlelevels VALUES (11, 2300);
INSERT INTO titlelevels VALUES (12, 2400);
INSERT INTO titlelevels VALUES (13, 2500);
INSERT INTO titlelevels VALUES (14, 2600);
INSERT INTO titlelevels VALUES (15, 2700);
INSERT INTO titlelevels VALUES (16, 2800);
INSERT INTO titlelevels VALUES (17, 2900);
INSERT INTO titlelevels VALUES (18, 3000);

INSERT INTO titlesets (name) VALUES ( 'Knight' );
INSERT INTO titles (titleset_id, titlelevel_id, text) VALUES ( 1, 1, 'Slave' );
INSERT INTO titles (titleset_id, titlelevel_id, text) VALUES ( 1, 2, 'Serf' );
INSERT INTO titles (titleset_id, titlelevel_id, text) VALUES ( 1, 3, 'Peon' );
INSERT INTO titles (titleset_id, titlelevel_id, text) VALUES ( 1, 4, 'Peasant' );
INSERT INTO titles (titleset_id, titlelevel_id, text) VALUES ( 1, 5, 'Head Servant' );
INSERT INTO titles (titleset_id, titlelevel_id, text) VALUES ( 1, 6, 'Vassal' );
INSERT INTO titles (titleset_id, titlelevel_id, text) VALUES ( 1, 7, 'Noble' );
INSERT INTO titles (titleset_id, titlelevel_id, text) VALUES ( 1, 8, 'Squire' );
INSERT INTO titles (titleset_id, titlelevel_id, text) VALUES ( 1, 9, 'Elder Squire' );
INSERT INTO titles (titleset_id, titlelevel_id, text) VALUES ( 1, 10, 'Knight in Training' );
INSERT INTO titles (titleset_id, titlelevel_id, text) VALUES ( 1, 11, 'New Knight' );
INSERT INTO titles (titleset_id, titlelevel_id, text) VALUES ( 1, 12, 'Ordinary Knight' );
INSERT INTO titles (titleset_id, titlelevel_id, text) VALUES ( 1, 13, 'Veteran Knight' );
INSERT INTO titles (titleset_id, titlelevel_id, text) VALUES ( 1, 14, 'Bronze Knight' );
INSERT INTO titles (titleset_id, titlelevel_id, text) VALUES ( 1, 15, 'Silver Knight' );
INSERT INTO titles (titleset_id, titlelevel_id, text) VALUES ( 1, 16, 'Gold Knight' );
INSERT INTO titles (titleset_id, titlelevel_id, text) VALUES ( 1, 17, 'Platinum Knight' );
INSERT INTO titles (titleset_id, titlelevel_id, text) VALUES ( 1, 18, 'Paladin' );

INSERT INTO titlesets (name) VALUES ( 'Some Class Name' );
INSERT INTO titles (titleset_id, titlelevel_id, text) VALUES ( 1, 1, '' );
INSERT INTO titles (titleset_id, titlelevel_id, text) VALUES ( 1, 2, '' );
INSERT INTO titles (titleset_id, titlelevel_id, text) VALUES ( 1, 3, '' );
INSERT INTO titles (titleset_id, titlelevel_id, text) VALUES ( 1, 4, '' );
INSERT INTO titles (titleset_id, titlelevel_id, text) VALUES ( 1, 5, '' );
INSERT INTO titles (titleset_id, titlelevel_id, text) VALUES ( 1, 6, '' );
INSERT INTO titles (titleset_id, titlelevel_id, text) VALUES ( 1, 7, '' );
INSERT INTO titles (titleset_id, titlelevel_id, text) VALUES ( 1, 8, '' );
INSERT INTO titles (titleset_id, titlelevel_id, text) VALUES ( 1, 9, '' );
INSERT INTO titles (titleset_id, titlelevel_id, text) VALUES ( 1, 10, '' );
INSERT INTO titles (titleset_id, titlelevel_id, text) VALUES ( 1, 11, '' );
INSERT INTO titles (titleset_id, titlelevel_id, text) VALUES ( 1, 12, '' );
INSERT INTO titles (titleset_id, titlelevel_id, text) VALUES ( 1, 13, '' );
INSERT INTO titles (titleset_id, titlelevel_id, text) VALUES ( 1, 14, '' );
INSERT INTO titles (titleset_id, titlelevel_id, text) VALUES ( 1, 15, '' );
INSERT INTO titles (titleset_id, titlelevel_id, text) VALUES ( 1, 16, '' );
INSERT INTO titles (titleset_id, titlelevel_id, text) VALUES ( 1, 17, '' );
INSERT INTO titles (titleset_id, titlelevel_id, text) VALUES ( 1, 18, '' );
