INSERT INTO title_levels VALUES (1, 500);
INSERT INTO title_levels VALUES (2, 1000);
INSERT INTO title_levels VALUES (3, 1500);
INSERT INTO title_levels VALUES (4, 1600);
INSERT INTO title_levels VALUES (5, 1700);
INSERT INTO title_levels VALUES (6, 1800);
INSERT INTO title_levels VALUES (7, 1900);
INSERT INTO title_levels VALUES (8, 2000);
INSERT INTO title_levels VALUES (9, 2100);
INSERT INTO title_levels VALUES (10, 2200);
INSERT INTO title_levels VALUES (11, 2300);
INSERT INTO title_levels VALUES (12, 2400);
INSERT INTO title_levels VALUES (13, 2500);
INSERT INTO title_levels VALUES (14, 2600);
INSERT INTO title_levels VALUES (15, 2700);
INSERT INTO title_levels VALUES (16, 2800);
INSERT INTO title_levels VALUES (17, 2900);
INSERT INTO title_levels VALUES (18, 3000);
INSERT INTO title_levels VALUES (19, 3500);
INSERT INTO title_levels VALUES (20, 4000);

INSERT INTO title_sets (name) VALUES ( 'Knight' );
INSERT INTO titles (title_set_id, title_level_id, text) VALUES ( 1, 1, 'Slave' );
INSERT INTO titles (title_set_id, title_level_id, text) VALUES ( 1, 2, 'Serf' );
INSERT INTO titles (title_set_id, title_level_id, text) VALUES ( 1, 3, 'Peon' );
INSERT INTO titles (title_set_id, title_level_id, text) VALUES ( 1, 4, 'Peasant' );
INSERT INTO titles (title_set_id, title_level_id, text) VALUES ( 1, 5, 'Head Servant' );
INSERT INTO titles (title_set_id, title_level_id, text) VALUES ( 1, 6, 'Vassal' );
INSERT INTO titles (title_set_id, title_level_id, text) VALUES ( 1, 7, 'Noble' );
INSERT INTO titles (title_set_id, title_level_id, text) VALUES ( 1, 8, 'Squire' );
INSERT INTO titles (title_set_id, title_level_id, text) VALUES ( 1, 9, 'Elder Squire' );
INSERT INTO titles (title_set_id, title_level_id, text) VALUES ( 1, 10, 'Knight in Training' );
INSERT INTO titles (title_set_id, title_level_id, text) VALUES ( 1, 11, 'New Knight' );
INSERT INTO titles (title_set_id, title_level_id, text) VALUES ( 1, 12, 'Ordinary Knight' );
INSERT INTO titles (title_set_id, title_level_id, text) VALUES ( 1, 13, 'Veteran Knight' );
INSERT INTO titles (title_set_id, title_level_id, text) VALUES ( 1, 14, 'Bronze Knight' );
INSERT INTO titles (title_set_id, title_level_id, text) VALUES ( 1, 15, 'Azure Knight' );
INSERT INTO titles (title_set_id, title_level_id, text) VALUES ( 1, 16, 'Silver Knight' );
INSERT INTO titles (title_set_id, title_level_id, text) VALUES ( 1, 17, 'Gold Knight' );
INSERT INTO titles (title_set_id, title_level_id, text) VALUES ( 1, 18, 'Platinum Knight' );
INSERT INTO titles (title_set_id, title_level_id, text) VALUES ( 1, 19, 'Paladin' );
INSERT INTO titles (title_set_id, title_level_id, text) VALUES ( 1, 20, 'Grand Paladin' );

INSERT INTO title_sets (name) VALUES ( 'Some Class Name' );
INSERT INTO titles (title_set_id, title_level_id, text) VALUES ( 2, 1, '' );
INSERT INTO titles (title_set_id, title_level_id, text) VALUES ( 2, 2, '' );
INSERT INTO titles (title_set_id, title_level_id, text) VALUES ( 2, 3, '' );
INSERT INTO titles (title_set_id, title_level_id, text) VALUES ( 2, 4, '' );
INSERT INTO titles (title_set_id, title_level_id, text) VALUES ( 2, 5, '' );
INSERT INTO titles (title_set_id, title_level_id, text) VALUES ( 2, 6, '' );
INSERT INTO titles (title_set_id, title_level_id, text) VALUES ( 2, 7, '' );
INSERT INTO titles (title_set_id, title_level_id, text) VALUES ( 2, 8, '' );
INSERT INTO titles (title_set_id, title_level_id, text) VALUES ( 2, 9, '' );
INSERT INTO titles (title_set_id, title_level_id, text) VALUES ( 2, 10, '' );
INSERT INTO titles (title_set_id, title_level_id, text) VALUES ( 2, 11, '' );
INSERT INTO titles (title_set_id, title_level_id, text) VALUES ( 2, 12, '' );
INSERT INTO titles (title_set_id, title_level_id, text) VALUES ( 2, 13, '' );
INSERT INTO titles (title_set_id, title_level_id, text) VALUES ( 2, 14, '' );
INSERT INTO titles (title_set_id, title_level_id, text) VALUES ( 2, 15, '' );
INSERT INTO titles (title_set_id, title_level_id, text) VALUES ( 2, 16, '' );
INSERT INTO titles (title_set_id, title_level_id, text) VALUES ( 2, 17, '' );
INSERT INTO titles (title_set_id, title_level_id, text) VALUES ( 2, 18, '' );
INSERT INTO titles (title_set_id, title_level_id, text) VALUES ( 2, 19, '' );
INSERT INTO titles (title_set_id, title_level_id, text) VALUES ( 2, 20, '' );
