INSERT INTO title_levels VALUES (1, 500);
INSERT INTO title_levels VALUES (2, 1000);
INSERT INTO title_levels VALUES (3, 1500);
INSERT INTO title_levels VALUES (4, 1600);
INSERT INTO title_levels VALUES (5, 1700);
INSERT INTO title_levels VALUES (6, 1800);
INSERT INTO title_levels VALUES (7, 1900);
INSERT INTO title_levels VALUES (8, 2000);
INSERT INTO title_levels VALUES (9, 2100);
INSERT INTO title_levels VALUES (10, 2200);
INSERT INTO title_levels VALUES (11, 2300);
INSERT INTO title_levels VALUES (12, 2400);
INSERT INTO title_levels VALUES (13, 2500);
INSERT INTO title_levels VALUES (14, 2600);
INSERT INTO title_levels VALUES (15, 2700);
INSERT INTO title_levels VALUES (16, 2800);
INSERT INTO title_levels VALUES (17, 2900);
INSERT INTO title_levels VALUES (18, 3000);
INSERT INTO title_levels VALUES (19, 3500);
INSERT INTO title_levels VALUES (20, 4000);

INSERT INTO title_sets (name) VALUES ( 'Knight' );
INSERT INTO titles (title_set_id, title_level_id, text) VALUES ( 1, 1, 'Slave' );
INSERT INTO titles (title_set_id, title_level_id, text) VALUES ( 1, 2, 'Serf' );
INSERT INTO titles (title_set_id, title_level_id, text) VALUES ( 1, 3, 'Peon' );
INSERT INTO titles (title_set_id, title_level_id, text) VALUES ( 1, 4, 'Peasant' );
INSERT INTO titles (title_set_id, title_level_id, text) VALUES ( 1, 5, 'Head Servant' );
INSERT INTO titles (title_set_id, title_level_id, text) VALUES ( 1, 6, 'Vassal' );
INSERT INTO titles (title_set_id, title_level_id, text) VALUES ( 1, 7, 'Noble' );
INSERT INTO titles (title_set_id, title_level_id, text) VALUES ( 1, 8, 'Squire' );
INSERT INTO titles (title_set_id, title_level_id, text) VALUES ( 1, 9, 'Elder Squire' );
INSERT INTO titles (title_set_id, title_level_id, text) VALUES ( 1, 10, 'Knight in Training' );
INSERT INTO titles (title_set_id, title_level_id, text) VALUES ( 1, 11, 'New Knight' );
INSERT INTO titles (title_set_id, title_level_id, text) VALUES ( 1, 12, 'Ordinary Knight' );
INSERT INTO titles (title_set_id, title_level_id, text) VALUES ( 1, 13, 'Veteran Knight' );
INSERT INTO titles (title_set_id, title_level_id, text) VALUES ( 1, 14, 'Bronze Knight' );
INSERT INTO titles (title_set_id, title_level_id, text) VALUES ( 1, 15, 'Azure Knight' );
INSERT INTO titles (title_set_id, title_level_id, text) VALUES ( 1, 16, 'Silver Knight' );
INSERT INTO titles (title_set_id, title_level_id, text) VALUES ( 1, 17, 'Gold Knight' );
INSERT INTO titles (title_set_id, title_level_id, text) VALUES ( 1, 18, 'Platinum Knight' );
INSERT INTO titles (title_set_id, title_level_id, text) VALUES ( 1, 19, 'Paladin' );
INSERT INTO titles (title_set_id, title_level_id, text) VALUES ( 1, 20, 'Grand Paladin' );

INSERT INTO title_sets (name) VALUES ( 'Archer' );
INSERT INTO titles (title_set_id, title_level_id, text) VALUES ( 2, 1, 'Insult Hurler' );
INSERT INTO titles (title_set_id, title_level_id, text) VALUES ( 2, 2, 'Spitballer' );
INSERT INTO titles (title_set_id, title_level_id, text) VALUES ( 2, 3, 'Pea Shooter' );
INSERT INTO titles (title_set_id, title_level_id, text) VALUES ( 2, 4, 'Stone Thrower' );
INSERT INTO titles (title_set_id, title_level_id, text) VALUES ( 2, 5, 'Slinger' );
INSERT INTO titles (title_set_id, title_level_id, text) VALUES ( 2, 6, 'Archery Student' );
INSERT INTO titles (title_set_id, title_level_id, text) VALUES ( 2, 7, 'Archer in Training' );
INSERT INTO titles (title_set_id, title_level_id, text) VALUES ( 2, 8, 'New Archer' );
INSERT INTO titles (title_set_id, title_level_id, text) VALUES ( 2, 9, 'Amateur Archer' );
INSERT INTO titles (title_set_id, title_level_id, text) VALUES ( 2, 10, 'Experienced Archer' );
INSERT INTO titles (title_set_id, title_level_id, text) VALUES ( 2, 11, 'Veteran Archer' );
INSERT INTO titles (title_set_id, title_level_id, text) VALUES ( 2, 12, 'Marksman' );
INSERT INTO titles (title_set_id, title_level_id, text) VALUES ( 2, 13, 'Expert Marksman' );
INSERT INTO titles (title_set_id, title_level_id, text) VALUES ( 2, 14, 'Sharpshooter' );
INSERT INTO titles (title_set_id, title_level_id, text) VALUES ( 2, 15, 'Powershooter' );
INSERT INTO titles (title_set_id, title_level_id, text) VALUES ( 2, 16, 'High Archer' );
INSERT INTO titles (title_set_id, title_level_id, text) VALUES ( 2, 17, 'Crystal Archer' );
INSERT INTO titles (title_set_id, title_level_id, text) VALUES ( 2, 18, 'Emerald Archer' );
INSERT INTO titles (title_set_id, title_level_id, text) VALUES ( 2, 19, 'Diamond Archer' );
INSERT INTO titles (title_set_id, title_level_id, text) VALUES ( 2, 20, 'Master Archer' );

INSERT INTO title_sets (name) VALUES ( 'Rogue' );
INSERT INTO titles (title_set_id, title_level_id, text) VALUES ( 3, 1, 'Bad Liar' );
INSERT INTO titles (title_set_id, title_level_id, text) VALUES ( 3, 2, 'Urchin' );
INSERT INTO titles (title_set_id, title_level_id, text) VALUES ( 3, 3, 'Swindler' );
INSERT INTO titles (title_set_id, title_level_id, text) VALUES ( 3, 4, 'Trickster' );
INSERT INTO titles (title_set_id, title_level_id, text) VALUES ( 3, 5, 'Pickpocket' );
INSERT INTO titles (title_set_id, title_level_id, text) VALUES ( 3, 6, 'Burglar' );
INSERT INTO titles (title_set_id, title_level_id, text) VALUES ( 3, 7, 'Common Thief' );
INSERT INTO titles (title_set_id, title_level_id, text) VALUES ( 3, 8, 'Robber' );
INSERT INTO titles (title_set_id, title_level_id, text) VALUES ( 3, 9, 'Bandit' );
INSERT INTO titles (title_set_id, title_level_id, text) VALUES ( 3, 10, 'Highwayman' );
INSERT INTO titles (title_set_id, title_level_id, text) VALUES ( 3, 11, 'Marauder' );
INSERT INTO titles (title_set_id, title_level_id, text) VALUES ( 3, 12, 'Green Rogue' );
INSERT INTO titles (title_set_id, title_level_id, text) VALUES ( 3, 13, 'Blue Rogue' );
INSERT INTO titles (title_set_id, title_level_id, text) VALUES ( 3, 14, 'Brown Rogue' );
INSERT INTO titles (title_set_id, title_level_id, text) VALUES ( 3, 15, 'Red Rogue' );
INSERT INTO titles (title_set_id, title_level_id, text) VALUES ( 3, 16, 'Grey Rogue' );
INSERT INTO titles (title_set_id, title_level_id, text) VALUES ( 3, 17, 'Black Rogue' );
INSERT INTO titles (title_set_id, title_level_id, text) VALUES ( 3, 18, 'Lesser Assassin' );
INSERT INTO titles (title_set_id, title_level_id, text) VALUES ( 3, 19, 'Greater Assassin' );
INSERT INTO titles (title_set_id, title_level_id, text) VALUES ( 3, 20, 'Master Assassin' );

INSERT INTO title_sets (name) VALUES ( 'Martial Artist' );
INSERT INTO titles (title_set_id, title_level_id, text) VALUES ( 4, 1, 'Wuss' );
INSERT INTO titles (title_set_id, title_level_id, text) VALUES ( 4, 2, 'Bully' );
INSERT INTO titles (title_set_id, title_level_id, text) VALUES ( 4, 3, 'Rabblerouser' );
INSERT INTO titles (title_set_id, title_level_id, text) VALUES ( 4, 4, 'Brawler' );
INSERT INTO titles (title_set_id, title_level_id, text) VALUES ( 4, 5, 'White Belt' );
INSERT INTO titles (title_set_id, title_level_id, text) VALUES ( 4, 6, 'Yellow Belt' );
INSERT INTO titles (title_set_id, title_level_id, text) VALUES ( 4, 7, 'Orange Belt' );
INSERT INTO titles (title_set_id, title_level_id, text) VALUES ( 4, 8, 'Green Belt' );
INSERT INTO titles (title_set_id, title_level_id, text) VALUES ( 4, 9, 'Blue Belt' );
INSERT INTO titles (title_set_id, title_level_id, text) VALUES ( 4, 10, 'Brown Belt' );
INSERT INTO titles (title_set_id, title_level_id, text) VALUES ( 4, 11, '1st Dan Black Belt' );
INSERT INTO titles (title_set_id, title_level_id, text) VALUES ( 4, 12, '2nd Dan Black Belt' );
INSERT INTO titles (title_set_id, title_level_id, text) VALUES ( 4, 13, '3rd Dan Black Belt' );
INSERT INTO titles (title_set_id, title_level_id, text) VALUES ( 4, 14, '4th Dan Black Belt' );
INSERT INTO titles (title_set_id, title_level_id, text) VALUES ( 4, 15, '5th Dan Black Belt' );
INSERT INTO titles (title_set_id, title_level_id, text) VALUES ( 4, 16, '6th Dan Black Belt' );
INSERT INTO titles (title_set_id, title_level_id, text) VALUES ( 4, 17, '7th Dan Black Belt' );
INSERT INTO titles (title_set_id, title_level_id, text) VALUES ( 4, 18, '8th Dan Black Belt' );
INSERT INTO titles (title_set_id, title_level_id, text) VALUES ( 4, 19, '9th Dan Black Belt' );
INSERT INTO titles (title_set_id, title_level_id, text) VALUES ( 4, 20, 'Sensei' );

INSERT INTO title_sets (name) VALUES ( 'Some Class Name' );
INSERT INTO titles (title_set_id, title_level_id, text) VALUES ( 4, 1, '' );
INSERT INTO titles (title_set_id, title_level_id, text) VALUES ( 4, 2, '' );
INSERT INTO titles (title_set_id, title_level_id, text) VALUES ( 4, 3, '' );
INSERT INTO titles (title_set_id, title_level_id, text) VALUES ( 4, 4, '' );
INSERT INTO titles (title_set_id, title_level_id, text) VALUES ( 4, 5, '' );
INSERT INTO titles (title_set_id, title_level_id, text) VALUES ( 4, 6, '' );
INSERT INTO titles (title_set_id, title_level_id, text) VALUES ( 4, 7, '' );
INSERT INTO titles (title_set_id, title_level_id, text) VALUES ( 4, 8, '' );
INSERT INTO titles (title_set_id, title_level_id, text) VALUES ( 4, 9, '' );
INSERT INTO titles (title_set_id, title_level_id, text) VALUES ( 4, 10, '' );
INSERT INTO titles (title_set_id, title_level_id, text) VALUES ( 4, 11, '' );
INSERT INTO titles (title_set_id, title_level_id, text) VALUES ( 4, 12, '' );
INSERT INTO titles (title_set_id, title_level_id, text) VALUES ( 4, 13, '' );
INSERT INTO titles (title_set_id, title_level_id, text) VALUES ( 4, 14, '' );
INSERT INTO titles (title_set_id, title_level_id, text) VALUES ( 4, 15, '' );
INSERT INTO titles (title_set_id, title_level_id, text) VALUES ( 4, 16, '' );
INSERT INTO titles (title_set_id, title_level_id, text) VALUES ( 4, 17, '' );
INSERT INTO titles (title_set_id, title_level_id, text) VALUES ( 4, 18, '' );
INSERT INTO titles (title_set_id, title_level_id, text) VALUES ( 4, 19, '' );
INSERT INTO titles (title_set_id, title_level_id, text) VALUES ( 4, 20, '' );
